url,label
https://www.google.com,Trusted
https://www.youtube.com,Trusted
https://www.facebook.com,Trusted
https://www.baidu.com,Trusted
https://www.wikipedia.org,Trusted
https://www.reddit.com,Trusted
https://www.yahoo.com,Trusted
https://www.google.co.in,Trusted
https://www.qq.com,Trusted
https://www.amazon.com,Trusted
https://www.taobao.com,Trusted
https://www.twitter.com,Trusted
https://www.tmall.com,Trusted
https://www.google.co.jp,Trusted
https://www.vk.com,Trusted
https://www.live.com,Trusted
https://www.instagram.com,Trusted
https://www.sohu.com,Trusted
https://www.sina.com.cn,Trusted
https://www.jd.com,Trusted
https://www.weibo.com,Trusted
https://www.360.cn,Trusted
https://www.google.de,Trusted
https://www.google.co.uk,Trusted
https://www.google.com.br,Trusted
https://www.google.fr,Trusted
https://www.google.ru,Trusted
https://www.netflix.com,Trusted
https://www.yandex.ru,Trusted
https://www.list.tmall.com,Trusted
https://www.linkedin.com,Trusted
https://www.twitch.tv,Trusted
https://www.google.it,Trusted
https://www.t.co,Trusted
https://www.google.com.hk,Trusted
https://www.pornhub.com,Trusted
https://www.google.es,Trusted
https://www.alipay.com,Trusted
https://www.xvideos.com,Trusted
https://www.yahoo.co.jp,Trusted
https://www.google.ca,Trusted
https://www.ebay.com,Trusted
https://www.google.com.mx,Trusted
https://www.microsoft.com,Trusted
https://www.bing.com,Trusted
https://www.imgur.com,Trusted
https://www.ok.ru,Trusted
https://www.bongacams.com,Trusted
https://www.imdb.com,Trusted
https://www.aliexpress.com,Trusted
https://www.wikia.com,Trusted
https://www.hao123.com,Trusted
https://www.mail.ru,Trusted
https://www.office.com,Trusted
https://www.csdn.net,Trusted
https://www.tumblr.com,Trusted
https://www.msn.com,Trusted
https://www.wordpress.com,Trusted
https://www.google.com.au,Trusted
https://www.google.com.tr,Trusted
https://www.microsoftonline.com,Trusted
https://www.whatsapp.com,Trusted
https://www.github.com,Trusted
https://www.google.com.tw,Trusted
https://www.apple.com,Trusted
https://www.livejasmin.com,Trusted
https://www.amazon.co.jp,Trusted
https://www.blogspot.com,Trusted
https://www.google.pl,Trusted
https://www.deloton.com,Trusted
https://www.popads.net,Trusted
https://www.paypal.com,Trusted
https://www.xhamster.com,Trusted
https://www.stackoverflow.com,Trusted
https://www.google.co.id,Trusted
https://www.detail.tmall.com,Trusted
https://www.pinterest.com,Trusted
https://www.diply.com,Trusted
https://www.coinmarketcap.com,Trusted
https://www.gmw.cn,Trusted
https://www.amazon.de,Trusted
https://www.soso.com,Trusted
https://www.google.com.ar,Trusted
https://www.so.com,Trusted
https://www.coccoc.com,Trusted
https://www.adobe.com,Trusted
https://www.amazon.in,Trusted
https://www.amazon.co.uk,Trusted
https://www.savefrom.net,Trusted
https://www.xnxx.com,Trusted
https://www.dropbox.com,Trusted
https://www.googleusercontent.com,Trusted
https://www.google.com.ua,Trusted
https://www.nicovideo.jp,Trusted
https://www.tianya.cn,Trusted
https://www.google.nl,Trusted
https://www.pixnet.net,Trusted
https://www.google.co.th,Trusted
https://www.google.com.pk,Trusted
https://www.tribunnews.com,Trusted
https://www.google.com.sa,Trusted
https://www.thepiratebay.org,Trusted
https://www.espn.com,Trusted
https://www.bbc.co.uk,Trusted
https://www.craigslist.org,Trusted
https://www.bbc.com,Trusted
https://www.google.com.eg,Trusted
https://www.booking.com,Trusted
https://www.soundcloud.com,Trusted
https://19hourit.com/,Trusted
https://19hourit.com/register.php,Trusted
https://gamingzone.in.net/register.php,Untrusted
https://www.cnn.com,Trusted
https://www.nytimes.com,Trusted
https://www.chaturbate.com,Trusted
https://www.detik.com,Trusted
https://www.thestartmagazine.com,Trusted
https://www.txxx.com,Trusted
https://www.google.co.za,Trusted
https://www.google.co.ve,Trusted
https://www.naver.com,Trusted
https://www.hitcpm.com,Trusted
https://www.amazonaws.com,Trusted
https://www.onlinesbi.com,Trusted
https://www.exdynsrv.com,Trusted
https://www.ebay.de,Trusted
https://www.rakuten.co.jp,Trusted
https://www.binance.com,Trusted
https://www.roblox.com,Trusted
https://www.ask.com,Trusted
https://www.xinhuanet.com,Trusted
https://www.aparat.com,Trusted
https://www.openload.co,Trusted
https://www.iwanttodeliver.com,Trusted
https://www.spotify.com,Trusted
https://www.vimeo.com,Trusted
https://www.quora.com,Trusted
https://www.steamcommunity.com,Trusted
https://www.chase.com,Trusted
https://www.zhihu.com,Trusted
https://www.stackexchange.com,Trusted
https://www.discordapp.com,Trusted
https://www.softonic.com,Trusted
https://www.google.gr,Trusted
https://www.fbcdn.net,Trusted
https://www.google.com.ph,Trusted
https://www.mediafire.com,Trusted
https://www.dailymotion.com,Trusted
https://www.mozilla.org,Trusted
https://www.youth.cn,Trusted
https://www.theguardian.com,Trusted
https://www.google.se,Trusted
https://www.google.be,Trusted
https://www.ettoday.net,Trusted
https://www.google.co.ao,Trusted
https://www.salesforce.com,Trusted
https://www.google.com.sg,Trusted
https://www.flipkart.com,Trusted
https://www.ebay.co.uk,Trusted
https://www.vice.com,Trusted
https://www.nih.gov,Trusted
https://www.fc2.com,Trusted
https://www.queuecosm.bid,Trusted
https://www.google.az,Trusted
https://www.avito.ru,Trusted
https://www.douyu.com,Trusted
https://www.cnet.com,Trusted
https://www.blogger.com,Trusted
https://www.google.co.kr,Trusted
https://www.exosrv.com,Trusted
https://www.deviantart.com,Trusted
https://www.dailymail.co.uk,Trusted
https://www.4chan.org,Trusted
https://www.doubleclick.net,Trusted
https://www.alibaba.com,Trusted
https://www.providr.com,Trusted
https://www.globo.com,Trusted
https://www.steampowered.com,Trusted
https://www.mercadolivre.com.br,Trusted
https://www.indeed.com,Trusted
https://www.google.at,Trusted
https://www.twimg.com,Trusted
https://www.redd.it,Trusted
https://www.1688.com,Trusted
https://www.google.com.ng,Trusted
https://www.buzzfeed.com,Trusted
https://www.google.com.vn,Trusted
https://www.google.cn,Trusted
https://www.google.com.co,Trusted
https://www.etsy.com,Trusted
https://www.cloudfront.net,Trusted
https://www.blastingnews.com,Trusted
https://www.login.tmall.com,Trusted
https://www.force.com,Trusted
https://www.onlinevideoconverter.com,Trusted
https://www.amazon.fr,Trusted
https://www.washingtonpost.com,Trusted
https://www.pinimg.com,Trusted
https://www.china.com.cn,Trusted
https://www.messenger.com,Trusted
https://www.tokopedia.com,Trusted
https://www.mama.cn,Trusted
https://www.google.cz,Trusted
https://www.coinbase.com,Trusted
https://www.china.com,Trusted
https://www.sogou.com,Trusted
https://www.google.ro,Trusted
https://www.exoclick.com,Trusted
https://www.walmart.com,Trusted
https://www.yelp.com,Trusted
https://www.babytree.com,Trusted
https://www.amazon.it,Trusted
https://www.google.ch,Trusted
https://www.wikihow.com,Trusted
https://www.google.no,Trusted
https://www.w3schools.com,Trusted
https://www.uol.com.br,Trusted
https://www.spankbang.com,Trusted
https://www.google.pt,Trusted
https://www.pages.tmall.com,Trusted
https://www.godaddy.com,Trusted
https://www.slideshare.net,Trusted
https://www.redtube.com,Trusted
https://www.metropcs.mobi,Trusted
https://www.speakol.com,Trusted
https://www.kompas.com,Trusted
https://www.google.ae,Trusted
https://www.gearbest.com,Trusted
https://www.google.com.pe,Trusted
https://www.google.cl,Trusted
https://www.mega.nz,Trusted
https://www.bankofamerica.com,Trusted
https://www.ladbible.com,Trusted
https://www.bet9ja.com,Trusted
https://www.wellsfargo.com,Trusted
https://www.spotscenered.info,Trusted
https://www.eastday.com,Trusted
https://www.nextoptim.com,Trusted
https://www.youporn.com,Trusted
https://www.gfycat.com,Trusted
https://www.weather.com,Trusted
https://www.hulu.com,Trusted
https://www.onoticioso.com,Trusted
https://www.bilibili.com,Trusted
https://www.speedtest.net,Trusted
https://www.ikea.com,Trusted
https://www.bp.blogspot.com,Trusted
https://www.slack.com,Trusted
https://www.bukalapak.com,Trusted
https://www.caijing.com.cn,Trusted
https://www.yts.am,Trusted
https://www.google.ie,Trusted
https://www.newstrend.news,Trusted
https://www.abs-cbn.com,Trusted
https://www.forbes.com,Trusted
https://www.people.com.cn,Trusted
https://www.indiatimes.com,Trusted
https://www.amazon.es,Trusted
https://www.9gag.com,Trusted
https://www.google.dk,Trusted
https://www.upornia.com,Trusted
https://www.kinopoisk.ru,Trusted
https://www.huanqiu.com,Trusted
https://www.youm7.com,Trusted
https://www.medium.com,Trusted
https://www.zillow.com,Trusted
https://www.tripadvisor.com,Trusted
https://www.gamepedia.com,Trusted
https://www.scribd.com,Trusted
https://www.breitbart.com,Trusted
https://www.wikimedia.org,Trusted
https://www.dkn.tv,Trusted
https://www.kakaku.com,Trusted
https://www.rambler.ru,Trusted
https://www.bittrex.com,Trusted
https://www.sabah.com.tr,Trusted
https://www.ebay-kleinanzeigen.de,Trusted
https://www.foxnews.com,Trusted
https://www.codeonclick.com,Trusted
https://www.trello.com,Trusted
https://www.hclips.com,Trusted
https://www.wetransfer.com,Trusted
https://www.intuit.com,Trusted
https://www.google.dz,Trusted
https://www.livejournal.com,Trusted
https://www.liputan6.com,Trusted
https://www.google.fi,Trusted
https://www.google.hu,Trusted
https://www.leboncoin.fr,Trusted
https://www.genius.com,Trusted
http://paypal.kunden-200x016-datenabgleich.com/235247/deutschland/konflict/2994699305621/kenntnis/benutzer/anmelden.php,Untrusted
http://expertconsultancy.ae/wp-admin/pdx/,Untrusted
http://bkdentalarts.com/bbs/wp-includes/pussy/test/PP_V2_UPDATE_1/da3e775efe6fc994f6640d69167d1b25/,Untrusted
http://nbawallpaper.org/sess/a2ae5c1ad690f0861be527bd8e535dae/,Untrusted
http://vacationrentalplanners.com/users/accesse/limited/login/?fixed=users,Untrusted
http://fingalcsrnetwork.ie/pollenmidwest/GD/,Untrusted
http://tgm.cl/sitio/wp-includes/,Untrusted
http://griffinautorental.com/libraries/legacy/baba/DHL2015/DHL/,Untrusted
http://sparkdeal.in/secure/03puv2atr6dkg4o97l3g7zff1o65o6ffzuzlm054x9e33s214v71ld6cs286/,Untrusted
http://cargo-hangnadim.com/files/nD/nD/,Untrusted
http://marvelconcepts.net/noor/wp-includes/hol/dbm/,Untrusted
http://naturalnerd.co.za/wp-includes/SimplePie/Content/dropbox/,Untrusted
http://4uautosales.ca/wp-admin/User!/live.com/index.html,Untrusted
http://woodfordapartment.com/apt105/html/usage/?Login=&amp;Lis=10&amp;LigertID=1993745&amp;us=1,Untrusted
http://diamariscreatejoy.com/update/dropbox/9c47defbcc9cc149bf989e511d16e977/,Untrusted
http://diamariscreatejoy.com/update/dropbox/2417f07f35a9cdbcc8b432c89ab6d20b/,Untrusted
http://unicoprojects.in/localkraft/pdf/REDIRECT.htm,Untrusted
http://artdourios.gr/components/com_registration/frm,Untrusted
http://mail.nixchem.com/~medscape/images/images/googledocss/sss/,Untrusted
http://mail.facelifereality.com/~medscape/images/images/googledocss/sss/,Untrusted
http://grotown.com/wole/CCCV/,Untrusted
http://bargainattack.com/eventionmedia/images/images/webmail/,Untrusted
,Untrusted
http://xpedientindia.com/bb24/Service/clientele/case/centre-help/,Untrusted
http://vanik.org/epaper/wp-admin/maint/NEW/login?cmd=_signin&dispatch=f80811c168534968ef3961791&locale=en_A1,Untrusted
http://darkermindz.com/modules/wellsfargoo/8bec9dddb6720053315189a69d7397b8/,Untrusted
http://acopladoscarbonell.cl/dropbx/dBoxN/index.html,Untrusted
http://paddymchugh.net/dropbox/dropbox,Untrusted
http://noithatvinh.com/images/gnew.htm,Untrusted
http://geomat.gr/wp-admin/js/jss/payuk/dir/index.htm,Untrusted
http://geaecologia.it/wp-content/plugins/revslider/index.html/,Untrusted
http://corporategovernancecorp.com/wallstreetjourner/documents/passwordprotected/2013gdocs/,Untrusted
http://ijung.net/wp/wp-admin/includes/support/en/B/,Untrusted
http://araujoattorneys.co.za/preview/GoogleDocs2015%20(1)/36f15a407b4486d31afeb71c85ae4f73/,Untrusted
http://araujoattorneys.co.za/preview/GoogleDocs2015%20(1)/2248833990b820fdc6f0cc90fa4e4e94/,Untrusted
http://araujoattorneys.co.za/preview/GoogleDocs2015%20(1)/051f8e0630c6313a0855c525e2adf99e/verification.php,Untrusted
http://letticemusic.com/wp-admin/network/filewords/,Untrusted
http://plasticcz.com/Aol.html,Untrusted
http://mfmazetomatrix.com/wp-includes/news/new/LoginVerification.php,Untrusted
,Untrusted
http://mfmazetomatrix.com/wp-includes/news/new/login.php,Untrusted
http://mfmazetomatrix.com/wp-includes/news/new/index.php,Untrusted
http://mfmazetomatrix.com/wp-includes/news/new,Untrusted
http://mfmazetomatrix.com/wp-includes/news/new/login.php?l=_JeHFUq_VJOXJoGYDw_OXK0K0QWHtoGYDw_Product-UserID&userid_JeHJOXK0IDw_JOXK0IDD&userid=,Untrusted
http://giftcard-sale.com/marriott/rewards/Marriott,Untrusted
http://dr0opb0ox.com/8hfKmgl/8hfKmgl/verification.php,Untrusted
http://205.204.101.42/,Untrusted
http://pplumbing.us/file/outlook,Untrusted
http://bertonsupermercados.com.br/css/db/box/,Untrusted
http://businessvejle.dk/wp-content/kp/complete/c166976f346f9d575280d29a2b253ce9/products/,Untrusted
http://anvelope-cauciucuri-jante.ro/media/id,Untrusted
http://businessvejle.dk/wp-content/kp/complete/9be908483c5e055d5d931e7af22f511e/products/id.php?l=_JeHFUq_VJOXK0QWHtoGYDw_Product-UserID&userid=,Untrusted
http://jqhj.com/images/?us.battle.net/login/en/?ref,Untrusted
http://cfandfibroliving.com/wp-content/plugins/s/index.php?wps=yaqDsTR0fzXIYPV6oLBn,Untrusted
http://74.208.99.86/critical-alert/us.html,Untrusted
http://riter-com.ru/base/pa~pal-account/update-your-account/signin.php?SessionID-xb=f3b098731336ab34c3e1dee07f78a125ae3c2f8ac36b5154236e00864ff0a081,Untrusted
http://businessvejle.dk/wp-content/kp/complete/fa14463e6a104a4c71f9a1204fe5c0a1/products/?l=_JeHFUq_VJOXK0QWHtoGYDw_Product-UserID&userid=,Untrusted
http://businessvejle.dk/wp-content/kp/complete/fa14463e6a104a4c71f9a1204fe5c0a1/index.php,Untrusted
http://businessvejle.dk/wp-content/kp/complete/c166976f346f9d575280d29a2b253ce9/products/?l=_JeHFUq_VJOXK0QWHtoGYDw_Product-UserID&userid=,Untrusted
http://businessvejle.dk/wp-content/kp/complete/c166976f346f9d575280d29a2b253ce9/index.php,Untrusted
http://thetravelingsaint.com/skin/frontend/rwd/gouv/index/lmpots.GOUV/CARD.CREDIT/redirection.php,Untrusted
http://blufftonmcdonalds.com/aero/connect_i.php?rand=13InboxLightaspxn.1774256418&amp;fid.4.1252899642&amp;fid=1&amp;fav.1&amp;rand.13InboxLight.aspxn.1774256418&amp;fid.1252899642&amp;fid.1&amp;fav.1&amp;Email=abuse@bbaaviation.net&amp;.rand=13InboxLight.aspx?n=1774256418&amp;fid=4,Untrusted
http://tomatostitch.com/bbs/data/images/cn.htm/,Untrusted
http://cidparonifilho.com.br/pa/wp-includes/pomo/DropbuX/,Untrusted
http://akombaovao.net/bd/Gdoccc/index.php,Untrusted
http://pittsburghgarage.com/swconcepts.co.uk/index.php,Untrusted
http://apex6.com/wp-content/work/VITAL/VITAL/VITAL/FILE/index2.php,Untrusted
http://shinyfloors.co.uk/libraries/joomla/VERIFICATION16HTML,Untrusted
http://easytechy.co.uk/wp-content/themes/twentytwelve/js/index.php,Untrusted
http://paypal.kunde-20x0016-datenabgleich.com/183107/deutschland/nutzung/7345689922245/kenntnis/konto_validieren/anmelden.php?cmd=fxch31wM68eHVrUjqsuyoZ0Xv&amp;flow=wodvE3m8nCI5pF9l1h7e0gjO2&amp;dispatch=AvmozBL1tYeP2aCgq0Ui8ljRG&amp;session=H1QVRGIBY03FZjvw62CUOhKsq,Untrusted
http://apex6.com/wp-content/work/VITAL/VITAL/VITAL/FILE/index2.php?8uGzbKV7ZwJSDHY9fMil1CPn6W0gdTOc2vFmxQ3kXhqIorsAUEN4LaRBtyp5je8LHErUOhmjzaMYxfdSZBn2sgCRbItPF6cuKpwi9vAq417JlG0kyTDQV53eoWNX67813060469,Untrusted
http://drrhau.com.au/dropbox/auth/view/share/,Untrusted
http://smu.collect.cl/dcw/mt103/doc/impt/,Untrusted
http://arrwoodfloor.co.uk/lk/Arch/Arch/Archive/,Untrusted
http://elfrethsalleycat.com/check.php,Untrusted
http://datix.com.au/img/logos/dropbox/,Untrusted
http://anoziramedia.com/rredf/mail7.php?cmd=login=usmail=check=validate,Untrusted
http://wealthymanagers.info/dropb/verification.php,Untrusted
http://116-region.ru/wp-includes/capitalone360/fe3ffaf9fd4d58da65d987df9fcb7bca/info2.html,Untrusted
http://116-region.ru/wp-includes/capitalone360/fe3ffaf9fd4d58da65d987df9fcb7bca/,Untrusted
http://phucminhhuy.com/components/com_avreloaded/views/popup/tmpl/,Untrusted
http://nolagroup.com/mm-mm/GD,Untrusted
http://GiftCard-Sale.com/marriott/rewards/Marriott/,Untrusted
http://ctts.in/assets/download/revalidate-alert/draft/mail.htm,Untrusted
http://cryochamberspa.com/wp-includes/,Untrusted
http://riter-com.ru/base/pa~pal-account/update-your-account/signin.php?SessionID-xb=d75a53abe22027b6a9a755f29f0f9e1b3a9efb3a977c64b235fb2688de908120,Untrusted
http://insurity-oceanwide.com/wp-content/GoogleDrive/document/,Untrusted
http://surubiproducciones.com/wp/wp-includes/js/swfupload/111/art/new/,Untrusted
http://mail.mahalingamgroup.com/~medscape/images/images/googledocss/sss/,Untrusted
http://conditioniq.com/busines/index.php,Untrusted
http://closingforfloridaaa.com/8hfKmgl/8hfKmgl/verification.php,Untrusted
http://paypal.kunde-20x0016-datenabgleich.com/959280/deu/prob/4322088749241/angabe/konto_validieren/anmelden.php,Untrusted
http://anvelope-cauciucuri-jante.ro/plugins/id/,Untrusted
http://angelfire.com/mn/manguy2limpbizkit/hotmail.html,Untrusted
http://angelfire.com/games/Driverman/hotmail.html,Untrusted
http://mcacanal.cl/wp-admin/images/aol/Aol/index.html,Untrusted
http://civid-mazerri.com/ail/blue/bluen.html,Untrusted
http://fuerteonline.com/80s/,Untrusted
http://vividea.ro/exchgweb/UPDATE.HTML,Untrusted
http://birolmuhendislik.com.tr/wp-includes/fonts/mail.htm,Untrusted
http://saveourlifes.niwamembers.com/,Untrusted
http://cabrio4fun.com/wp-includes/js/plupload/rss.php,Untrusted
http://redeballcup.com.br/includes/test/me/sed/sendpd.html,Untrusted
http://smiscoequip.co.uk/ihup/Validate/antispam%20green/Anti-Spam.html,Untrusted
https://www.en.wikipedia.org/wiki/Lapierre,Trusted
https://www.en.wikipedia.org/wiki/Laplante,Trusted
https://www.en.wikipedia.org/wiki/Lapointe,Trusted
https://www.en.wikipedia.org/wiki/Laptop,Trusted
https://www.en.wikipedia.org/wiki/Lara_Roxx,Trusted
https://www.en.wikipedia.org/wiki/Larocque,Trusted
https://www.en.wikipedia.org/wiki/Larry,Trusted
https://www.en.wikipedia.org/wiki/Larry_Beauregard,Trusted
https://www.en.wikipedia.org/wiki/Larry_Carriere,Trusted
https://www.en.wikipedia.org/wiki/Larry_Davis,Trusted
https://www.en.wikipedia.org/wiki/Larry_Davis_(blues_musician),Trusted
https://www.en.wikipedia.org/wiki/Larry_Fairholm,Trusted
https://www.en.wikipedia.org/wiki/Larry_McCormick,Trusted
https://www.en.wikipedia.org/wiki/Larry_McCormick_(TV),Trusted
https://www.en.wikipedia.org/wiki/Larry_Riley,Trusted
https://www.en.wikipedia.org/wiki/Larry_Riley_(actor),Trusted
https://www.en.wikipedia.org/wiki/Larry_Tittley,Trusted
https://www.en.wikipedia.org/wiki/Larry_Vincent,Trusted
https://www.en.wikipedia.org/wiki/Larry_Zeidel,Trusted
https://www.en.wikipedia.org/wiki/Lars_Anderson,Trusted
https://www.en.wikipedia.org/wiki/Lars_Anderson_(baseball),Trusted
https://www.en.wikipedia.org/wiki/Lartigue,Trusted
https://www.en.wikipedia.org/wiki/Lasalle_(electoral_district),Trusted
https://www.en.wikipedia.org/wiki/Lash_LaRue,Trusted
https://www.en.wikipedia.org/wiki/Last_Guardian_of_Everness,Trusted
https://www.en.wikipedia.org/wiki/Last_Train_to_Paris,Trusted
https://www.en.wikipedia.org/wiki/Late_Nite_Catechism,Trusted
https://www.en.wikipedia.org/wiki/Late_Nite_Comic,Trusted
https://www.genregoroundreviews.blogspot.com/2008/10/prisoner-of-flames-dawn-mactavish.html,Trusted
https://www.gent-family.com/Hirsch/hirsch.html,Trusted
https://www.genthreads.com/Dozier.htm,Trusted
https://www.gentlemanofpleasure.blogspot.com/,Trusted
https://www.gentlemanofpleasure.blogspot.com/2011/10/john-glasscos-mcgill-graduation.html,Trusted
https://www.genuinekansas.com/famous_rob_neyer_baseball_writer_kansas.htm,Trusted
https://www.genuki.cs.ncl.ac.uk/DEV/Barnstaple/Barnstaple1941.html,Trusted
https://www.genuki.cs.ncl.ac.uk/DEV/Cornwood/Cornwood1911.19.html,Trusted
https://www.genuki.cs.ncl.ac.uk/StCathsTranscriptions/CP491_12.html,Trusted
https://www.genuki.cs.ncl.ac.uk/Transcriptions/DUR/CLS1800.html,Trusted
https://www.genzmania.blogspot.com/2011_04_01_archive.html,Trusted
https://www.geo-mexico.com/?p=1858,Trusted
https://www.geo-mexico.com/?p=3424,Trusted
https://www.geo-mexico.com/?p=825,Trusted
https://www.geo.craigslist.org/iso/ca/qc,Trusted
https://www.geo.craigslist.org/iso/de,Trusted
https://www.geo.craigslist.org/iso/gb,Trusted
https://www.geo.craigslist.org/iso/it,Trusted
https://www.georgedstevens.com/,Trusted
https://www.georgeebey.com/,Trusted
https://www.georgefoster.webs.com/,Trusted
https://www.georgegraham.com/hgmindex.html,Trusted
https://www.georgejames.com/,Trusted
https://www.georgejames.org/,Trusted
https://www.georgejanes.com/,Trusted
https://www.georgejmarshallndp.blogspot.com/,Trusted
https://www.georgekelley.org/?p=1650,Trusted
https://www.georgekelley.org/?p=3797,Trusted
https://www.georgekilpatrick.com/,Trusted
https://www.georgekilpatrick.com/george/,Trusted
https://www.georgemagalios.com/,Trusted
https://www.georgemarlowe.com/,Trusted
https://www.georgemarshall.org/,Trusted
https://www.georgemarshallmusic.com/,Trusted
https://www.georgemarshallphoto.com/,Trusted
https://www.gethealthyclarkcounty.org/,Trusted
https://www.gethealthyonline.com/,Trusted
https://www.gethighnow.com/,Trusted
https://www.gethimabodybag.ytmnd.com/,Trusted
https://www.gethuman.com/Assurant_Health_Employee_Benefits-customer-service_2100.html,Trusted
https://www.gethuman.com/Indiana_Michigan_Power_Co_-customer-service_421.html,Trusted
https://www.gethuman.com/Indiana_Michigan_Power_Co__Michigan_-customer-service_422.html,Trusted
https://www.getintroduced.8m.com/,Trusted
https://www.getintroduced.8m.com/index.html,Trusted
https://www.getinvolved.rutgers.edu/fraternities-and-sororities/chapters,Trusted
https://www.getinvolved.transfairusa.org/site/PageServer?pagename=DONATE_landing,Trusted
https://www.getitfromboy.net/willie-revillame-angrily-reacts-to-cory-aquino-video/,Trusted
https://www.getitnew.com/,Trusted
https://www.getitright.hrblock.com/,Trusted
https://www.getitstartedcoach.com/2010/building-a-cathedral,Trusted
https://www.getlocalli.com/schools/seniors.php?id=735724&yr=2007,Trusted
https://www.getlocalli.com/schools/seniors.php?id=736118&yr=2009,Trusted
https://www.getlocallongisland.com/schools/seniors.php?id=774732&yr=2010,Trusted
https://www.getlostinsound.com/,Trusted
https://www.getlostxx.com/Berkeley/Street_Scramble/2011,Trusted
https://www.ghfllc.com/home/,Trusted
https://www.ghiasi.org/2011/01/hotel-dieu-de-montreal/,Trusted
https://www.ghiasi.org/2011/03/maude-abbott-and-the-holmes-heart/,Trusted
https://www.ghislainerobert.com/hall.html,Trusted
https://www.ghm.ccboe.org/,Trusted
https://www.ghostandsouls.wordpress.com/tag/haunted-places/,Trusted
https://www.ghostbusters.wikia.com/wiki/Template:Infobox_Actors,Trusted
https://www.ghostbustersnews.com/?p=6158,Trusted
https://www.ghostcapital.blogspot.com/2010/04/jesse-fuller-san-francisco-bay-blues.html,Trusted
https://www.ghostcapital.blogspot.com/2011/01/va-les-grands-artistes-du-monde-arabe.html,Trusted
https://www.ghostcapital.blogspot.com/2011/09/va-cajun-stomps-no-label-unknown-year.html,Trusted
https://www.ghostgirl.com/,Trusted
https://www.ghostly.com/artists/christopher-willits,Trusted
https://www.ghostsofnorthdakota.com/tag/grain-elevators/,Trusted
https://www.ghosttyu.my3gb.com/p17/patkb.html,Trusted
https://www.ghoulnextdoor.tumblr.com/,Trusted
https://www.ghoulpatrol.com/,Trusted
https://www.ghoulpoon.com/,Trusted
https://www.ghs1976.org/,Trusted
https://www.ghs88.weebly.com/,Trusted
https://www.ghsfha.org/coaches.php,Trusted
https://www.ghsfha.org/nflplayers.php,Trusted
https://www.ghsfha.org/nflplayers.php?gName=F,Trusted
https://www.ghsfha.org/nflplayers.php?gName=R,Trusted
https://www.ghsfha.org/nflplayers.php?gName=S,Trusted
https://www.ghsfha.org/nflplayers.php?gName=W,Trusted
https://www.ghsfha.org/playoffs.php,Trusted
https://www.ghsm.hms.harvard.edu/people/faculty/franke/,Trusted
https://www.ghuniversal.com/,Trusted
https://www.giaa.us/,Trusted
https://www.giaaus.blogspot.com/,Trusted
https://www.giam.typepad.com/100_years_of_illustration/edmund_c_tarbell_18621938/,Trusted
https://www.giantbook.info/,Trusted
https://www.giantkamala.com/,Trusted
https://www.giantmonsters.blogspot.com/,Trusted
https://www.giantmonsters.blogspot.com/2005/12/deep-sea-monster-reigo.html,Trusted
https://www.giantmonstersontheloose.blogspot.com/2008/09/giant-monster-movies.html,Trusted
https://www.giantmonstersontheloose.blogspot.com/2011/01/giant-monster-movies-king-ghidorah.html,Trusted
https://www.giantmoviemonsters.blogspot.com/,Trusted
https://www.giantredcarpet.com/adamlevine,Trusted
https://www.giantredcarpet.com/jordanknight,Trusted
https://www.gibbsmagazine.com/Judge%20Armstrong.htm,Trusted
https://www.gibill.va.gov/,Trusted
https://www.giddy-up-and-go-pony.blogspot.com/,Trusted
https://www.giddyupponies.com/,Trusted
https://www.giddyupponycamp.com/,Trusted
https://www.gideas.net/,Trusted
https://www.gideonsway.wordpress.com/,Trusted
https://www.publishingrevolution.com/,Trusted
https://www.publiushuldah.wordpress.com/2009/09/19/the-treaty-making-power-of-the-united-states/,Trusted
https://www.pubrants.blogspot.com/2006/08/queriesan-inside-scoop-jana-deleons.html,Trusted
https://www.pubs.ext.vt.edu/author/h/herbert_d_ames-res.html,Trusted
https://www.pubs.usgs.gov/atlas/geologic/,Trusted
https://www.pubs.usgs.gov/bul/b2188/,Trusted
https://www.pubs.usgs.gov/ds/2005/127/,Trusted
https://www.pubs.usgs.gov/fs/2005/3107/,Trusted
https://www.pubs.usgs.gov/fs/2007/3099/,Trusted
https://www.pubs.usgs.gov/of/2010/1149/,Trusted
https://www.pubs.usgs.gov/pp/1651/,Trusted
https://www.qart.com/Mann-David-bio,Trusted
https://www.qart.com/McKimson-Charles-bio,Trusted
https://www.qarthadast.blogspot.com/,Trusted
https://www.qbarrington.com/,Trusted
https://www.qbible.com/greek-new-testament/james/,Trusted
https://www.qart.com/Mann-David-bio,Trusted
https://www.qart.com/McKimson-Charles-bio,Trusted
https://www.qarthadast.blogspot.com/,Trusted
https://www.qbarrington.com/,Trusted
https://www.qbible.com/greek-new-testament/james/,Trusted
https://www.quebecsuperads.com/,Trusted
https://www.quebecunsolvedmurders.blogspot.com/,Trusted
https://www.quebecwind.com/,Trusted
https://www.quebillah.com/,Trusted
https://www.queen-latifah-dana-owens.readbiography.net/queen_latifah_dana_owens.asp,Trusted
https://www.queenelizabethii2011.blogspot.com/,Trusted
https://www.queeniebeeart.blogspot.com/,Trusted
https://www.queenofsaints.com/Parishes/StMichael/tabid/73/Default.aspx,Trusted
https://www.queenofsports.com/?s=Paul+Pierce,Trusted
https://www.queens.about.com/,Trusted
https://www.queens.about.com/od/culturalartsgroups/a/Theater-in-Astoria-and-Long-Island-City.htm,Trusted
https://www.queens.ny1.com/,Trusted
https://www.queens.weddings.com/,Trusted
https://www.queensberry-rules.com/2010-articles/november/most-super-of-the-six-previews-and-predictions-for-carl-froch-vs-arthur-abraham-and-andre-ward-vs-sakio-bika.html,Trusted
https://www.queensberry-rules.com/2011-articles/june/at-the-carl-froch-vs-glen-johnson-weigh-in-thoughts-from-lou-dibella-al-bernstein-andre-ward-and-more.html,Trusted
https://www.queenscountycommunity.blogspot.com/,Trusted
https://www.queensincanada.wordpress.com/2010/02/19/concordia-goes-down/,Trusted
https://www.queenslandplaces.com.au/barolin-shire,Trusted
https://www.queenslandplaces.com.au/thursday-island,Trusted
https://www.queenslandplaces.com.au/walloon,Trusted
https://www.queensrd.blogspot.com/,Trusted
https://www.queenstwestbia.ca/,Trusted
https://www.crazykelvin.com/aboutme/guyana.htm,Trusted
https://www.crazykennysblog.com/of-memories-and-the-steelers-festival-of-hockey.html,Trusted
https://www.crazymonkeygames.com/Madness-Combat-Defense.html,Trusted
https://www.crazywolfy.com/top-10-of-just-for-laughs-gags/,Trusted
https://www.crb.org/hof/inductee.php?wid=89&orderNum=51,Trusted
https://www.crb.ri.gov/watchlist.php?referer=www.clickfind.com.au,Trusted
https://www.crccm.org/,Trusted
https://www.crchrist-parish.org/,Trusted
https://www.crchuq.ulaval.ca/en/research/researchers/4916,Trusted
https://www.crcinfo.ca/index.php?option=com_content&view=article&id=57&Itemid=51&lang=en,Trusted
https://www.crcinfo.ca/index.php?option=com_sobi2&sobi2Task=sobi2Details&catid=95&sobi2Id=26&Itemid=82&lang=en,Trusted
https://www.crcpress.com/product/isbn/9781420062007,Trusted
https://www.crcpress.com/product/isbn/9781420078909,Trusted
https://www.crcpress.com/product/isbn/9781420094350,Trusted
https://www.crcpress.com/shopping_cart/products/product_detail.asp?sku=82329,Trusted
https://www.crd.bc.ca/hfp/mountview/index.htm,Trusted
https://www.crd.bc.ca/parks/mountwork/index.htm,Trusted
https://www.crdp.umontreal.ca/en/chercheurs/trudel_pierre/index.html,Trusted
https://www.creaform3d.com/en/news/news.aspx?no=89,Trusted
https://www.creampie-4you.co.uk/narumitakahashi/narumi01.html,Trusted
https://www.creampie-4you.co.uk/narumitakahashi/narumi2/narumi02.html,Trusted
https://www.create-a-skate.com/,Trusted
https://www.create.cett.msstate.edu/create/classroom/lplan_view.asp?articleID=183,Trusted
https://www.createacook.com/,Trusted
https://www.createinternational.com/films/streaming-videos,Trusted
https://www.createtv.com/,Trusted
https://www.creatingorder.com.au/,Trusted
https://www.creationent.com/cal/stlv.htm,Trusted
https://www.creationists.org/hugh-ross-heresies-and-bad-science.html,Trusted
https://www.creationsfrommyheart.blogspot.com/,Trusted
https://www.creationsrus.net/SHIELDS.html,Trusted
https://www.creative-date-ideas.com/at-home-date-idea.html,Trusted
https://www.creative.com/,Trusted
https://www.creative.com/products/mp3/,Trusted
https://www.creativeallies.com/contests/294-Design-a-Poster-for-Chris-Cornell-s-Songbook-Release-and-Show-at-Carnegie-Hall,Trusted
https://www.creativeartscu.com/index.cfm?page=pKeleghan,Trusted
https://www.creativeblok.com/index.html,Trusted
https://www.creativecoffee.com/products.html,Trusted
https://www.creativecouponing.com/amazon-com-despicable-me-rio-x-men-lego-rock-band-deals/,Trusted
https://www.creativecutscoppell.com/,Trusted
https://www.creativedataproducts.com/,Trusted
https://www.creativedeconstruction.com/2010/06/do-viral-music-videos-sell-records-a-closer-look-at-ok-go/,Trusted
https://www.creativeedgeproducts.com/,Trusted
https://www.creativeheads.net/,Trusted
https://www.creativeheads.net/JobDetails.aspx?JobID=10602,Trusted
https://www.creativeheads.net/Jobs.aspx?CompanyID=13145,Trusted
https://www.creativeheads.net/Jobs.aspx?CompanyID=14948,Trusted
https://www.creativeheads.net/jobdetails.aspx?jobid=8418,Trusted
https://www.creativeheads.net/jobdetails.aspx?jobid=8925,Trusted
https://www.creativeheads.net/jobdetails.aspx?jobid=9990,Trusted
https://www.creativeidea.net/products.html,Trusted
https://www.creativeideaspromo.com/,Trusted
https://www.creativejobscentral.com/,Trusted
https://www.creativeleisureproducts.com/servlet/StoreFront,Trusted
https://www.creativemac.com/articles/viewarticle.jsp?id=116602-0,Trusted
https://www.creativemediamanagement.com/costume_designers/vicki-russell.htm?title=Costume%20Designers%20-%20Vicki%20Russell,Trusted
https://www.creativemp.com/,Trusted
https://www.creativeprintproducts.com/,Trusted
https://www.creativepro.com/blog/scanning-around-gene-trip-western-auto-store,Trusted
https://www.creativepromo.net/,Trusted
https://www.creativepromoproducts.com/,Trusted
https://www.creativepunchbowl.blogspot.com/,Trusted
https://www.creativerestaurantproducts.com/,Trusted
https://www.creativevinylproducts.net/,Trusted
https://www.creativewallcovering.com/wallpaper-canvas_wall_art.html,Trusted
https://www.creativewaystosayiloveyou.com/,Trusted
https://www.creativewooddoors.com/,Trusted
https://www.creativewoodproducts.biz/,Trusted
https://www.creativitycoaching.ca/conniefrey.html,Trusted
https://www.creators.com/comics/archie-spanish-about.html,Trusted
https://www.creators.com/comics/archie.html,Trusted
https://www.creators.com/conservative/r-emmett-tyrrell/while-washington-squabbles-look-to-perry-for-the-answers.html,Trusted
https://www.creatureband.com/performances/,Trusted
https://www.creatureband.com/thenetwork/,Trusted
https://www.creaturecomfortsblog.com/home/2009/11/12/freebie-fall-inspired-printable.html,Trusted
https://www.creaturefeaturemusic.com/,Trusted
https://www.creaturefeaturemusic.com/about.php,Trusted
https://www.creaturerock.com/,Trusted
https://www.crec.com/,Trusted
https://www.crec.org/index.php,Trusted
https://www.crecdn.com/en/home,Trusted
https://www.credit-agricole.com/en/Finance-and-Shareholders/Corporate-governance/Executive-committee/Deschenes-Alain,Trusted
https://www.credit-inc.com/credit-unions/,Trusted
https://www.credit-land.com/,Trusted
https://www.credit.com/,Trusted
https://www.creditcard-swipemachines.com/,Trusted
https://www.creditcard321.com/,Trusted
https://www.creditcardapplications.com/,Trusted
https://www.creditcardassociate.com/ge_money_bank.html,Trusted
https://www.creditcardcandor.com/,Trusted
https://www.creditcardchaser.com/,Trusted
https://www.creditcardcity.com/,Trusted
https://www.creditcardcompare.com.au/,Trusted
https://www.creditcardconnection.org/,Trusted
https://www.creditcardconnection.org/credit-union-connection,Trusted
https://www.creditcardcounsel.com/,Trusted
https://www.creditcardfinder.com.au/,Trusted
https://www.creditcardfinder.com.au/debit-cards,Trusted
https://www.creditcardflyers.com/,Trusted
https://www.creditcardguide.com/,Trusted
https://www.creditcardmix.com/,Trusted
https://www.creditcards.ca/cibc.php,Trusted
https://www.creditcards.com/,Trusted
https://www.creditcards.com/credit-card-news/expert-qa-bankruptcy-attorney-ted-connolly-1272.php,Trusted
https://www.creditcards.com/prepaid.php,Trusted
https://www.creditcardsearch.ca/citibank-canada-citi-mastercard,Trusted
https://www.creditcardsearch.ca/citibank-canada-citi-petro-points-mastercard,Trusted
https://www.creditcardsearchengine.com/,Trusted
https://www.creditgate.com/companydirectorsearch/directors_ca_21.aspx,Trusted
https://www.creditgate.com/companydirectorsearch/directors_co_25.aspx,Trusted
https://www.creditgate.com/companydirectorsearch/directors_le_6.aspx,Trusted
https://www.creditgate.com/companydirectorsearch/directorsdetails+ian+dalrymple_13602170.aspx,Trusted
https://www.creditgate.com/companysearch/companies.aspx,Trusted
https://www.creditgate.com/directorsearch/directors_ca_0.aspx,Trusted
https://www.creditkarma.com/,Trusted
https://www.creditloan.com/,Trusted
https://www.creditnet.com/,Trusted
https://www.creditunion.usf.edu/,Trusted
https://www.creditunion1.org/,Trusted
https://www.credituniondb.com/view/Anaheim_CA/Partners-Federal-Credit-Union/18708.html,Trusted
www.compuware.com/products.asp,Untrusted
code.google.com/p/pastelog/,Untrusted
www.gnu.org/software/ddd/,Untrusted
www.sankhya.com/info/products/tools/simulator.html,Untrusted
www.hp.com/go/wdb,Untrusted
www.gurock.com/products/smartinspect/,Untrusted
www.microsoft.com/whdc/devtools/debugging/,Untrusted
www.fyzor.com/debugger/,Untrusted
www.gnu.org/software/gdb/,Untrusted
www.technochakra.com/category/debugging/,Untrusted
nektra.com/products/deviare-api-hook-windows/,Untrusted
en.wikipedia.org/wiki/Debugging,Untrusted
sourceware.org/insight/,Untrusted
www.arbetsmyra.dyndns.org/coretrace/,Untrusted
www.duxcore.com/products.html,Untrusted
www.ghs.com/products/timemachine.html,Untrusted
www.zortec.com/systemz.html,Untrusted
www.ghs.com/products/MULTI_IDE.html,Untrusted
developers.sun.com/sunstudio/,Untrusted
www.genady.net/rmi/,Untrusted
www.visual-rules.de/en/01_produkt/produkt.html,Untrusted
www.zeos.de/products/zen/index-en.html,Untrusted
www.visual-paradigm.com/product/sde/ec/index.jsp,Untrusted
sourceforge.net/projects/easyeclipse,Untrusted
www.systempartnergmbh.de/mdp/,Untrusted
www.webring.com/hub?ring=magicweb,Untrusted
tech.groups.yahoo.com/group/magicu-l/,Untrusted
www.magicsoftwareblogs.com/eDeveloper/,Untrusted
home.kpn.nl/vissenbe/,Untrusted
www2.pca.com.gr/pb/index.htm,Untrusted
www.levinecentral.com/pbl.html,Untrusted
www.dvl-software.com/pbtips/,Untrusted
www.astercity.net/~azakrze3/,Untrusted
mbresource.com/files/32bitapi.html,Untrusted
dm.char.com.ua/index.htm,Untrusted
tech.groups.yahoo.com/group/PowerObject/,Untrusted
www.desta.com.ua/pb2xls,Untrusted
desta.com.ua/dw2xls/,Untrusted
www.felix.fr/produits/flxshortcutbar/flxshortcutbar.cfm,Untrusted
www.pentelar.com/index.html,Untrusted
www.wintrac.com/courses/coursesPower.asp,Untrusted
www.bergersoft.com/index.html,Untrusted
www.pfccheatsheet.com/pbmail1.htm,Untrusted
www.raksoft.ch/PowerTimes/,Untrusted
www.sybase.com/support/techdocs/,Untrusted
www.sybase.com/products/development/powerbuilder,Untrusted
www.mentormail.com/dapug/,Untrusted
www.ab-ratio.com/uniface/,Untrusted
www.march-hare.com/library/html/ud6blurb.htm,Untrusted
www.tonymarston.net/uniface/,Untrusted
www.xs4all.nl/~rfsber/Robo/,Untrusted
www.ptlogica.com/TwinText/,Untrusted
www.stack.nl/~dimitri/doxygen/,Untrusted
www.aivosto.com/visustin.html,Untrusted
www.adobe.com/products/robohelp/,Untrusted
www.livingaddress.com/livingdoc.asp,Untrusted
cpansearch.perl.org/src/ASPINDLER/Data-Rlist-1.44/Rlist.pm.html,Untrusted
www.dennisbabkin.com/php/download.php?what=ScrEnc,Untrusted
www.jasik.com/nosy.html,Untrusted
www.datasynceng.com/xdasmdoc.htm,Untrusted
www.tim-mann.org/trs80.html,Untrusted
www.itee.uq.edu.au/~csmweb/decompilation/application.html,Untrusted
wfmh.org.pl/projects/delfina/,Untrusted
www.wizzy.com/wizzy/dasm.html,Untrusted
www.ticalc.org/archives/files/fileinfo/4/452.html,Untrusted
www.backerstreet.com/rec/rec.htm,Untrusted
www.itee.uq.edu.au/~cristina/dcc.html,Untrusted
kaele.com/~kashima/software/melps7700e.html,Untrusted
www.ibm.com/software/awdtools/hlasm/,Untrusted
www.avocetsystems.com/company/other/download.htm,Untrusted
www.atarimagazines.com/software/software.html,Untrusted
www.wearmouth.demon.co.uk/ditties.htm,Untrusted
www.doggysoft.co.uk/prog2.html,Untrusted
www.chez.com/jls/vxdasm.html,Untrusted
serje.net/sen/#hiew,Untrusted
www.heaventools.com/PE_Explorer_disassembler.htm,Untrusted
www.simtel.net/category.php?id=73,Untrusted
ndirty.cute.fi/~karttu/pdp/READ-ME.html,Untrusted
www.macrobotics.com/MacPIC.html,Untrusted
www.oshonsoft.com/pic.html,Untrusted
fly.cc.fer.hr/~arsen/dis16/,Untrusted
margo.student.utwente.nl/el/micros/pic/,Untrusted
www.gnupic.dds.nl/disassemblers.html,Untrusted
www.tbcnet.com/~clive/vcomwinp.html,Untrusted
www.cs.tufts.edu/~nr/toolkit/examples/sparc/sparcdis.html,Untrusted
www.jspayne.com/io/io.html,Untrusted
www.bbdsoft.com/interface.html,Untrusted
www.kepware.com/Products/products_UCON.html,Untrusted
www.zealsoftstudio.com/ntport/,Untrusted
www.jungo.com/resource_index.html,Untrusted
www.entechtaiwan.com/dev/index.shtm,Untrusted
www.knowledgehound.com/topics/programm.htm,Untrusted
www.digilife.be/quickreferences,Untrusted
perisic.com/xmlrpc,Untrusted
www.cs.iastate.edu/~leavens/teaching-prog-lang/,Untrusted
users.skynet.be/fa202625/,Untrusted
training.siemens.be/slv/cls.htm,Untrusted
www.thinkbrown.com/programming/,Untrusted
toncar.cz/openh323/tut/,Untrusted
www.jwz.org/doc/tabs-vs-spaces.html,Untrusted
gdansk.bradley.edu/olekmali/bookmark/tutorials.html,Untrusted
en.wikipedia.org/wiki/Programming_style,Untrusted
norvig.com/21-days.html,Untrusted
www.ibm.com/developerworks/linux/library/l-clear-code/,Untrusted
ei.cs.vt.edu/~cs2604/Standards/Standards.html,Untrusted
www.geekpedia.com/prog_ttrls_list.php,Untrusted
www.homeworkhelp4u.com/programming_homework_help.html,Untrusted
www.gamers.org/dEngine/quake/,Untrusted
www.fastgraph.com/diana.html,Untrusted
www.azillionmonkeys.com/qed/tech.shtml,Untrusted
scorpius.spaceports.com/~esanto/,Untrusted
www.angelfire.com/games2/Rise/,Untrusted
www.red3d.com/siggraph/2000/course39/,Untrusted
www.azillionmonkeys.com/qed/gamealgorithms.html,Untrusted
www.angelfire.com/games4/ales/,Untrusted
www.ambrosine.com/resource.html,Untrusted
www.droberts.com/pcgpex/pcgpex.htm,Untrusted
www-cs-students.stanford.edu/~amitp/gameprog.html,Untrusted
www.ioe.ac.uk/playground/frame_n.htm,Untrusted
www.4drulers.com/amp.html,Untrusted
www.gamers.org/dEngine/quake/papers/checker_texmap.html,Untrusted
cs.fit.edu/~wds/classes/graphics/,Untrusted
www.softlab.ece.ntua.gr/~ttsiod/,Untrusted
savannah.nongnu.org/projects/opalesoya/,Untrusted
drg.com.sapo.pt/dgraph/index.html,Untrusted
old.zog.net.au/computers/obsidian/,Untrusted
www.conitec.net/english/gstudio/,Untrusted
eicart.free.fr/rgd/,Untrusted
sourceforge.net/projects/aztica/,Untrusted
www.icculus.org/BUILD/,Untrusted
www.advsys.net/ken/build.htm,Untrusted
blood.sourceforge.net/rebuild.php,Untrusted
crystalcore.crystalspace3d.org/main/Main_Page,Untrusted
www.s2.org/midas/,Untrusted
www.goldenstudios.or.id/products/GTGE/,Untrusted
www.deleveld.dds.nl/allegttf.htm,Untrusted
www.webring.com/hub?ring=alleg,Untrusted
www.grinninglizard.com/kyra/,Untrusted
kekkai.org/roger/sdl/,Untrusted
gpwiki.org/index.php/C:SDL_tutorials,Untrusted
www.libsdl.org/cgi/docwiki.cgi/,Untrusted
membres.multimania.fr/edorul/SDLMappye.htm,Untrusted
membres.multimania.fr/edorul/Othere.htm,Untrusted
www.gbgames.com/blog/,Untrusted
membres.multimania.fr/edorul/,Untrusted
www.cs.hmc.edu/~tsemple/games/win95.html,Untrusted
gisar.sourceforge.net/ENG/Index.htm,Untrusted
www.softwareburner.de/softwareburner.htm,Untrusted
graphics.idav.ucdavis.edu/education/GraphicsNotes/homepage.html,Untrusted
tog.acm.org/GraphicsGems/,Untrusted
mitglied.multimania.de/PhoeniXHome/main.htm,Untrusted
research.microsoft.com/~hoppe/,Untrusted
users.belgacom.net/gc610902/,Untrusted
www.cs.cmu.edu/~ph/shadow.html,Untrusted
www.llnl.gov/graphics/ROAM/,Untrusted
www.cise.ufl.edu/research/SurfLab/,Untrusted
www.red3d.com/cwr/npr/,Untrusted
www.fastgraph.com/fsm.html,Untrusted
www.faqs.org/faqs/graphics/algorithms-faq/,Untrusted
www.colorado.edu/geography/gcraft/notes/mapproj/mapproj_f.html,Untrusted
www.terra.es/personal3/atoniman,Untrusted
www.edepot.com/algorithm.html,Untrusted
www.ibiblio.org/e-notes/Splines/Intro.htm,Untrusted
marg.nlm.nih.gov/index2.asp,Untrusted
r0k.us/graphics/pseudoGrey.html,Untrusted
www.andrijar.com/algorithms/algorithms.htm,Untrusted
www.techmind.org/stereo/stereo.html,Untrusted
dunnbypaul.net/perlin/,Untrusted
www.mrl.nyu.edu/~bregler/,Untrusted
mathworld.wolfram.com/MapProjection.html,Untrusted
tog.acm.org/resources/RTNews/html/rtn_index.html,Untrusted
tog.acm.org/resources/RTNews/html/,Untrusted
tog.acm.org/resources/GraphicsGems/,Untrusted
www.realtimerendering.com/intersections.html,Untrusted
www.mpi-inf.mpg.de/conferences/CP97/,Untrusted
www.cs.ubc.ca/spider/ajh/cav98.html,Untrusted
www.cs.rice.edu/Conferences/HotOS/,Untrusted
stacs.uni-trier.de/STACS99/,Untrusted
www.cs.washington.edu/focs99,Untrusted
www.cs.princeton.edu/~appel/popl99/,Untrusted
www.cs.nmsu.edu/~complog/conferences/padl99/,Untrusted
www1.acm.org/sigs/sigada/conf/sigada99/,Untrusted
www.cs.nmsu.edu/~complog/conferences/padl00/,Untrusted
www.usenix.org/events/tcl2k/,Untrusted
www.cs.cmu.edu/~FOCS2000/,Untrusted
www.cs.unc.edu/~jeffay/meetings/rtss00,Untrusted
www.cs.unc.edu/~jeffay/meetings/nossdav2000/,Untrusted
www.acm.org/conferences/sac/sac2000/,Untrusted
researchweb.watson.ibm.com/icme2000/,Untrusted
www.cse.yorku.ca/ppdp-00/,Untrusted
web.engr.oregonstate.edu/~burnett/vl2000/,Untrusted
pages.cs.wisc.edu/~reps/popl00/,Untrusted
www.cs.bu.edu/pub/wcw01/,Untrusted
web.mit.edu/TDQM/,Untrusted
www.lau.edu.lb/news-events/conferences/aiccsa2001.html,Untrusted
www.cs.umd.edu/conference/sigmetrics2001/,Untrusted
sunsite.informatik.rwth-aachen.de/Societies/DMDW/2001/,Untrusted
contraintes.inria.fr/jfplc2001/index_en.html,Untrusted
www.cs.dartmouth.edu/MA2001/,Untrusted
www.math.cas.cz/~mfcs2001/,Untrusted
www.dcs.gla.ac.uk/bctcs17/,Untrusted
www.science.unitn.it/coopis/,Untrusted
www.icsc-naiso.org/conferences/isi2001/,Untrusted
www.cs.nmsu.edu/~tson/ASP2001/csp01.html,Untrusted
www.emcc.at/dlt-2001/,Untrusted
www.sofsem.sk/sofsem01/,Untrusted
conf.isi.qut.edu.au/ac2001/,Untrusted
appsrv.cse.cuhk.edu.hk/~mdm2001/,Untrusted
www.dcc.uchile.cl/~mmarin/sccc/,Untrusted
www.sable.mcgill.ca/~hendren/PLDI2002/,Untrusted
www.dcs.ed.ac.uk/csl02/,Untrusted
www.viktoria.se/ubicomp/,Untrusted
www.lml.bas.bg/iccs2002/,Untrusted
protocols.netlab.uky.edu/icnp/,Untrusted
users.ece.gatech.edu/~benny/icwlhn2002/,Untrusted
www.mat.uniroma2.it/~aracne/workshop2002/,Untrusted
www.cs.umd.edu/ht02/,Untrusted
floc02.diku.dk/FICS/,Untrusted
www.informatik.uni-freiburg.de/~thiemann/pepm02/,Untrusted
floc02.diku.dk/CAV/,Untrusted
www2.ing.unipi.it/ew2002/,Untrusted
www.fit.vutbr.cz/events/ism/,Untrusted
www.mpi-inf.mpg.de/conferences/eg2002/,Untrusted
www.vs.inf.ethz.ch/events/pvc02/,Untrusted
www.iiswc.org/wwc5/,Untrusted
www.cs.rice.edu/FORTE02/,Untrusted
floc02.diku.dk/CADE/,Untrusted
www2.cs.unibw.de/conf/GTVMT02/,Untrusted
www2.cs.unibw.de/conf/HCC02/,Untrusted
www.egr.unlv.edu/~bein/stoc03.html,Untrusted
www.ece.lsu.edu/vaidy/raw03/,Untrusted
www.cs.rmit.edu.au/cats03/,Untrusted
www.irit.fr/AdaEurope2003/,Untrusted
dimacs.rutgers.edu/Workshops/Lattices/,Untrusted
www.ida.liu.se/conferences/p2p/p2p2003,Untrusted
www.hurray.isep.ipp.pt/activities/ecrts03/,Untrusted
www2.enel.ucalgary.ca/INDIN03/,Untrusted
www.mfcs.sk/mfcs2003/,Untrusted
www.iacr.org/conferences/eurocrypt2003/,Untrusted
www.win.tue.nl/icalp2003/,Untrusted
old.ee.duke.edu/JCIS/,Untrusted
www.acm.org/conferences/sac/sac2004/,Untrusted
www.math.uwo.ca/~jardine/at-csII.html,Untrusted
centria.di.fct.unl.pt/~jleite/climaV/,Untrusted
www.ccsc.org/northwest/2004/,Untrusted
cs.furman.edu/ccscse/conference.php?year=18th,Untrusted
www.ida.liu.se/conferences/p2p/p2p2004/,Untrusted
www.cs.princeton.edu/~dpw/popl/04/,Untrusted
www.sofsem.cz/sofsem04/,Untrusted
wwwra.informatik.uni-rostock.de/perel2005/,Untrusted
www.universites.tn/setit/,Untrusted
www.i3s.unice.fr/ciaa05/,Untrusted
vision.vein.hu/CEMVRC05/,Untrusted
www.comp.hkbu.edu.hk/IAT05/,Untrusted
www.cs.miami.edu/~geoff/Conferences/ESCAR/,Untrusted
www.iacr.org/conferences/crypto2005/,Untrusted
www.cs.princeton.edu/~dpw/popl/05/,Untrusted
www.sofsem.sk/sofsem05/,Untrusted
www.iacr.org/conferences/eurocrypt2005/,Untrusted
www.orcca.on.ca/conferences/tc2006,Untrusted
www.world-academy-of-science.org/worldcomp06/,Untrusted
wwwra.informatik.uni-rostock.de/perel2006/,Untrusted
www.cs.unibo.it/discotec06/FMOODS06/,Untrusted
www.lif.univ-mrs.fr/STACS06/,Untrusted
www.iacr.org/conferences/eurocrypt2006/,Untrusted
cobra.ee.ntu.edu.tw/ciaa2006/,Untrusted
www.cs.swan.ac.uk/cie06/,Untrusted
www.cs.nmsu.edu/dcfs06/,Untrusted
www.sofsem.cz/sofsem06/,Untrusted
www.iacr.org/conferences/eurocrypt2007/,Untrusted
www.cs.gsu.edu/BIBE07/,Untrusted
www.cs.ucsd.edu/popl/07/,Untrusted
www.stringology.org/event/CIAA2007/,Untrusted
www.conferences.hu/fct2007/,Untrusted
www.univ-orleans.fr/lifo/Manifestations/MCU07/,Untrusted
www.ipk.bv.tum.de/isprs/pia07/,Untrusted
'www-lih.univ-lehavre.fr/\%7Ebertelle/epnacs2007.html',Untrusted
www.acm.org/fcrc/,Untrusted
gplsi.dlsi.ua.es/congresos/time07/,Untrusted
www.sofsem.cz/sofsem07/,Untrusted
www.ru.is/icalp08/,Untrusted
ics.upjs.sk/sofsem08/,Untrusted
www.mfcs.sk/mfcs2009/,Untrusted
www.umiacs.umd.edu/conferences/stoc2009/,Untrusted
math.nsc.ru/conference/csr2009/,Untrusted
www.cs.le.ac.uk/events/gtvmt10/,Untrusted
www.cse.psu.edu/popl/10/,Untrusted
research.microsoft.com/en-us/events/wing2010/,Untrusted
cvl.umiacs.umd.edu/conferences/cvpr2010/,Untrusted
www.cs.york.ac.uk/yds/yds2010/,Untrusted
www.cs.york.ac.uk/yds/,Untrusted
www.cs.york.ac.uk/es/cmsbse/,Untrusted
www.lirmm.fr/ecoop13/,Untrusted
liinwww.ira.uka.de/bibliography/Database/index.html,Untrusted
www.cs.wisc.edu/dbworld/,Untrusted
myweb.brooklyn.liu.edu/gnarra/database/,Untrusted
www.doc.ic.ac.uk/automed/,Untrusted
https://www.sugarboo.com/,Trusted
https://tasteoftexasbarbecue.com/,Trusted
https://www.underwoodsbbq.com/,Trusted
https://www.williamsonbros.com/,Trusted
https://www.woodpilebbq.com/,Trusted
https://www.anniebscandy.com/,Trusted
https://www.bakewelltarts.co.uk/,Trusted
https://www.creativesweettreats.com/,Trusted
https://www.decadentlittlemorsels.com/,Trusted
https://stickytoffeepudding.com/,Trusted
https://www.flan-king.com/,Trusted
https://gourmetfinales.com/,Trusted
https://www.whippers.co.uk/,Trusted
https://www.pudforallseasons.com.au/,Trusted
https://www.realbreadpudding.com/,Trusted
https://somebodysmothers.com/,Trusted
https://www.qualitysprinkles.com/,Trusted
https://www.sweetarleens.com/,Trusted
https://tophatcompany.com/,Trusted
https://www.perchs.dk/,Trusted
https://www.acquiredtastetea.com/,Trusted
https://www.adagio.com/,Trusted
https://www.apotoftea.com/,Trusted
https://www.arborteas.com/,Trusted
https://www.argotea.com/,Trusted
https://www.artisanscup.com/,Trusted
https://www.ashworthtea.com/,Trusted
https://www.assamteacompany.com/,Trusted
https://www.aurateas.com/,Trusted
https://www.bambooteas.com/,Trusted
https://www.barnesandwatson.com/,Trusted
https://www.bigelowtea.com/,Trusted
https://www.blackdragonteas.com/,Trusted
https://www.bluemoontea.com/,Trusted
https://www.boulderteahouse.com/,Trusted
https://www.britishtea.com/,Trusted
https://www.californiateahouse.com/,Trusted
https://www.cantonteaco.com/,Trusted
https://www.capitaltea.com/,Trusted
https://www.carringtontea.com/,Trusted
https://www.celestialseasonings.com/,Trusted
https://www.chinamist.com/,Trusted
https://www.choitime.com/,Trusted
https://www.choiceorganicteas.com/,Trusted
https://www.culinaryteas.com/,Trusted
https://www.cupoftea.uk.com/,Trusted
https://www.daintreetea.com/,Trusted
https://www.devotea.com/,Trusted
https://www.dilmahtea.com/,Trusted
https://www.divinitea.com/,Trusted
https://www.e-teas.co.uk/,Trusted
https://aagreentea.freeservers.com/,Trusted
https://www.egotea.com/,Trusted
https://elmwoodinn.com/,Trusted
https://www.teatemptations.com/,Trusted
https://www.empressteacompany.com/,Trusted
https://www.teahaven.com/,Trusted
https://www.enjoyingtea.com/,Trusted
https://www.estatetea.com/,Trusted
https://www.farleaves.com/,Trusted
https://www.floatingleavestea.com/,Trusted
https://www.thefragrantleaf.com/,Trusted
https://www.ghfordtea.com/store/,Trusted
https://www.generationtea.com/,Trusted
https://www.goldenmoontea.com/,Trusted
https://www.grandtea.com/,Trusted
https://gray-seddon-tea.com/,Trusted
https://greentealovers.com/,Trusted
https://www.greysteas.co.uk/,Trusted
https://www.ashbysteasoflondon.com/,Trusted
https://www.haletea.com/,Trusted
https://hellenstea.com/,Trusted
https://www.herbalrepublic.com/,Trusted
https://www.hibiki-an.com/,Trusted
https://www.imperialtea.com/,Trusted
https://www.imperialteagarden.com/,Trusted
https://www.inpursuitoftea.com/,Trusted
https://www.innteas.com/,Trusted
https://www.indigo-tea.com/,Trusted
https://www.itoen.com/,Trusted
https://www.japanesegreenteaonline.com/,Trusted
https://www.kyelateas.com/,Trusted
https://www.lanasthelittlehouse.com/,Trusted
https://www.palaisdesthes.com/,Trusted
https://www.lifeinteacup.com/,Trusted
https://www2.gol.com/users/pndl/mpt/welcome/index.html,Trusted
https://www.maduratea.com.au/,Trusted
https://www.marktwendell.com/,Trusted
https://www.mightyleaf.com/,Trusted
https://www.herbs-teas.com/,Trusted
https://mrskellystea.com/,Trusted
https://narien.com/,Trusted
https://www.natureschoicetea.com/,Trusted
https://www.o-cha.com/,Trusted
https://www.cuppa.ca/,Trusted
https://www.oolong-tea.org/,Trusted
https://www.ceylon-tea.com/,Trusted
https://markstea.homestead.com/,Trusted
https://www.penelopesteatime.com/,Trusted
https://perennialtearoom.com/,Trusted
https://www.premiumsteap.com/,Trusted
https://www.tealeaves.com/,Trusted
https://www.redblossomtea.com/,Trusted
https://www.redrosetea.com/,Trusted
https://www.republicoftea.com/,Trusted
https://revolutiontea.com/,Trusted
https://www.rishi-tea.com/,Trusted
https://www.rosetreecottage.com/,Trusted
https://www.greentea.com/,Trusted
https://www.subodhbrothers.com/,Trusted
https://www.serendipitea.com/,Trusted
https://www.sevencups.com/,Trusted
https://www.shanshuiteas.com/,Trusted
https://www.shantitea.ca/,Trusted
https://www.shizuokatea.com/,Trusted
https://www.silkroadteas.com/,Trusted
https://www.silverplumetearoom.com/,Trusted
https://www.silvertipstea.com/,Trusted
https://www.specialtea.com/,Trusted
https://www.stashtea.com/,Trusted
https://www.strandtea.com/,Trusted
https://www.taooftea.com/,Trusted
https://www.taotealeaf.com/,Trusted
https://www.teteas.com/,Trusted
https://www.teanteas.com/,Trusted
https://www.tea-affair.com/,Trusted
https://www.teachaite.com/,Trusted
https://theteaemporium.com/,Trusted
https://www.teaforte.com/,Trusted
https://www.teafountain.com/,Trusted
https://www.teaguys.com/,Trusted
https://www.theteahaus.com/,Trusted
https://www.theteahouse.com/,Trusted
https://tea-room.stores.yahoo.net/,Trusted
https://theteaspot.com/,Trusted
https://www.theteatable.com/,Trusted
https://www.tea-time.com/,Trusted
https://www.teaworld.de/,Trusted
https://www.teacenter.com/,Trusted
https://www.teahousekuanyin.com/,Trusted
https://www.teaism.com/,Trusted
https://www.tealuxe.com/,Trusted
https://www.teanobi.com/,Trusted
https://www.teaosophy.com/,Trusted
https://www.teasetc.com/,Trusted
https://www.teashop.net/,Trusted
https://www.teaspring.com/,Trusted
https://www.teavana.com/,Trusted
https://www.tenren.com/,Trusted
https://www.tenrenstea.com/,Trusted
https://www.fineteas.com/,Trusted
https://www.thunderbolttea.com/,Trusted
https://www.tigermtteaco.com/,Trusted
https://todd-holland.com/,Trusted
https://www.totalitea.com/,Trusted
https://www.tributetea.com/,Trusted
https://www.twinings.com/,Trusted
https://www.twohillstea.com/,Trusted
https://www.amourdesthes.com/,Trusted
https://www.uptontea.com/,Trusted
https://www.virtuousteas.com/,Trusted
https://www.buytea.com/,Trusted
https://www.whiteliontea.com/,Trusted
https://www.whittard.co.uk/,Trusted
https://www.yunnansourcing.com/,Trusted
https://www.zencha.net/,Trusted
https://zhitea.com/,Trusted
https://www.67wine.com/,Trusted
https://www.allhlwines.com/,Trusted
httpss://awcfinewine.com/,Trusted
https://b-21.com/,Trusted
https://www.barrelsandbottles.co.uk/,Trusted
https://beaconwine.com/,Trusted
https://bedfordwines.com/,Trusted
https://www.beekmanliquors.com/,Trusted
https://www.bensonfinewines.com/,Trusted
https://www.bbr.com/,Trusted
https://www.bevmo.com/,Trusted
https://www.boulderwine.com/,Trusted
https://www.bountyhunterwine.com/,Trusted
https://www.caros.co.nz/,Trusted
https://www.chambersstwines.com/,Trusted
https://champagnegifts.com/,Trusted
https://www.cloudwine.com.au/,Trusted
https://www.thecorkscrew.com/,Trusted
https://www.cffcheers.com/,Trusted
https://www.cuveecellars.com/,Trusted
https://www.dandm.com/,Trusted
https://www.delicasa.com/,Trusted
https://www.bestwinevalues.com/,Trusted
https://www.discountwines.com/,Trusted
https://greekproducts.com/kokotos/,Trusted
https://www.esake.com/,Trusted
https://www.esquin.com/,Trusted
https://etonvintners.com/,Trusted
https://www.finewinehouse.com/,Trusted
https://www.flickingerwines.com/,Trusted
https://www.garnetwine.com/,Trusted
https://www.gauntleys.com/,Trusted
https://www.gentiles.com/,Trusted
https://www.artisanwines.com/,Trusted
https://www.golden-west-wine.com/,Trusted
https://www.gothamwines.com/,Trusted
https://www.grapetray.com/,Trusted
https://www.grapeswine.com/,Trusted
https://www.guyduvin.com/,Trusted
https://www.hailshamcellars.com/,Trusted
https://www.gourmetwines.com/,Trusted
https://www.hitimewine.net/,Trusted
https://www.honeyrun.com/,Trusted
https://www.inter-wein.de/,Trusted
https://internetwines.com/,Trusted
https://www.izowine.com/,Trusted
https://www.hdhwine.com/,Trusted
https://www.jolivin.com/,Trusted
https://www.klwines.com/,Trusted
https://lakeforestwines.com/,Trusted
